nivel,frequencia,probabilidade,cdf,lut
0,656600,0.8795760459533608,0.8795760459533608,224
1,0,0.0,0.8795760459533608,224
2,0,0.0,0.8795760459533608,224
3,0,0.0,0.8795760459533608,224
4,0,0.0,0.8795760459533608,224
5,0,0.0,0.8795760459533608,224
6,0,0.0,0.8795760459533608,224
7,0,0.0,0.8795760459533608,224
8,0,0.0,0.8795760459533608,224
9,0,0.0,0.8795760459533608,224
10,0,0.0,0.8795760459533608,224
11,0,0.0,0.8795760459533608,224
12,0,0.0,0.8795760459533608,224
13,0,0.0,0.8795760459533608,224
14,0,0.0,0.8795760459533608,224
15,0,0.0,0.8795760459533608,224
16,0,0.0,0.8795760459533608,224
17,0,0.0,0.8795760459533608,224
18,0,0.0,0.8795760459533608,224
19,0,0.0,0.8795760459533608,224
20,0,0.0,0.8795760459533608,224
21,0,0.0,0.8795760459533608,224
22,0,0.0,0.8795760459533608,224
23,0,0.0,0.8795760459533608,224
24,0,0.0,0.8795760459533608,224
25,0,0.0,0.8795760459533608,224
26,0,0.0,0.8795760459533608,224
27,0,0.0,0.8795760459533608,224
28,0,0.0,0.8795760459533608,224
29,0,0.0,0.8795760459533608,224
30,0,0.0,0.8795760459533608,224
31,0,0.0,0.8795760459533608,224
32,0,0.0,0.8795760459533608,224
33,0,0.0,0.8795760459533608,224
34,0,0.0,0.8795760459533608,224
35,0,0.0,0.8795760459533608,224
36,0,0.0,0.8795760459533608,224
37,0,0.0,0.8795760459533608,224
38,0,0.0,0.8795760459533608,224
39,0,0.0,0.8795760459533608,224
40,0,0.0,0.8795760459533608,224
41,0,0.0,0.8795760459533608,224
42,0,0.0,0.8795760459533608,224
43,0,0.0,0.8795760459533608,224
44,0,0.0,0.8795760459533608,224
45,0,0.0,0.8795760459533608,224
46,0,0.0,0.8795760459533608,224
47,0,0.0,0.8795760459533608,224
48,0,0.0,0.8795760459533608,224
49,0,0.0,0.8795760459533608,224
50,0,0.0,0.8795760459533608,224
51,0,0.0,0.8795760459533608,224
52,0,0.0,0.8795760459533608,224
53,0,0.0,0.8795760459533608,224
54,0,0.0,0.8795760459533608,224
55,0,0.0,0.8795760459533608,224
56,0,0.0,0.8795760459533608,224
57,0,0.0,0.8795760459533608,224
58,0,0.0,0.8795760459533608,224
59,0,0.0,0.8795760459533608,224
60,0,0.0,0.8795760459533608,224
61,0,0.0,0.8795760459533608,224
62,0,0.0,0.8795760459533608,224
63,0,0.0,0.8795760459533608,224
64,0,0.0,0.8795760459533608,224
65,0,0.0,0.8795760459533608,224
66,0,0.0,0.8795760459533608,224
67,0,0.0,0.8795760459533608,224
68,0,0.0,0.8795760459533608,224
69,0,0.0,0.8795760459533608,224
70,0,0.0,0.8795760459533608,224
71,0,0.0,0.8795760459533608,224
72,0,0.0,0.8795760459533608,224
73,0,0.0,0.8795760459533608,224
74,0,0.0,0.8795760459533608,224
75,0,0.0,0.8795760459533608,224
76,0,0.0,0.8795760459533608,224
77,0,0.0,0.8795760459533608,224
78,0,0.0,0.8795760459533608,224
79,0,0.0,0.8795760459533608,224
80,0,0.0,0.8795760459533608,224
81,0,0.0,0.8795760459533608,224
82,0,0.0,0.8795760459533608,224
83,0,0.0,0.8795760459533608,224
84,0,0.0,0.8795760459533608,224
85,0,0.0,0.8795760459533608,224
86,0,0.0,0.8795760459533608,224
87,0,0.0,0.8795760459533608,224
88,0,0.0,0.8795760459533608,224
89,0,0.0,0.8795760459533608,224
90,0,0.0,0.8795760459533608,224
91,0,0.0,0.8795760459533608,224
92,0,0.0,0.8795760459533608,224
93,0,0.0,0.8795760459533608,224
94,0,0.0,0.8795760459533608,224
95,0,0.0,0.8795760459533608,224
96,0,0.0,0.8795760459533608,224
97,0,0.0,0.8795760459533608,224
98,0,0.0,0.8795760459533608,224
99,0,0.0,0.8795760459533608,224
100,0,0.0,0.8795760459533608,224
101,0,0.0,0.8795760459533608,224
102,0,0.0,0.8795760459533608,224
103,0,0.0,0.8795760459533608,224
104,0,0.0,0.8795760459533608,224
105,0,0.0,0.8795760459533608,224
106,0,0.0,0.8795760459533608,224
107,0,0.0,0.8795760459533608,224
108,0,0.0,0.8795760459533608,224
109,0,0.0,0.8795760459533608,224
110,0,0.0,0.8795760459533608,224
111,0,0.0,0.8795760459533608,224
112,0,0.0,0.8795760459533608,224
113,0,0.0,0.8795760459533608,224
114,0,0.0,0.8795760459533608,224
115,0,0.0,0.8795760459533608,224
116,0,0.0,0.8795760459533608,224
117,0,0.0,0.8795760459533608,224
118,0,0.0,0.8795760459533608,224
119,0,0.0,0.8795760459533608,224
120,0,0.0,0.8795760459533608,224
121,0,0.0,0.8795760459533608,224
122,0,0.0,0.8795760459533608,224
123,0,0.0,0.8795760459533608,224
124,0,0.0,0.8795760459533608,224
125,0,0.0,0.8795760459533608,224
126,0,0.0,0.8795760459533608,224
127,0,0.0,0.8795760459533608,224
128,0,0.0,0.8795760459533608,224
129,0,0.0,0.8795760459533608,224
130,0,0.0,0.8795760459533608,224
131,0,0.0,0.8795760459533608,224
132,0,0.0,0.8795760459533608,224
133,0,0.0,0.8795760459533608,224
134,0,0.0,0.8795760459533608,224
135,0,0.0,0.8795760459533608,224
136,0,0.0,0.8795760459533608,224
137,0,0.0,0.8795760459533608,224
138,0,0.0,0.8795760459533608,224
139,0,0.0,0.8795760459533608,224
140,0,0.0,0.8795760459533608,224
141,0,0.0,0.8795760459533608,224
142,0,0.0,0.8795760459533608,224
143,0,0.0,0.8795760459533608,224
144,0,0.0,0.8795760459533608,224
145,0,0.0,0.8795760459533608,224
146,0,0.0,0.8795760459533608,224
147,0,0.0,0.8795760459533608,224
148,0,0.0,0.8795760459533608,224
149,0,0.0,0.8795760459533608,224
150,0,0.0,0.8795760459533608,224
151,0,0.0,0.8795760459533608,224
152,0,0.0,0.8795760459533608,224
153,0,0.0,0.8795760459533608,224
154,0,0.0,0.8795760459533608,224
155,0,0.0,0.8795760459533608,224
156,0,0.0,0.8795760459533608,224
157,0,0.0,0.8795760459533608,224
158,0,0.0,0.8795760459533608,224
159,0,0.0,0.8795760459533608,224
160,0,0.0,0.8795760459533608,224
161,0,0.0,0.8795760459533608,224
162,0,0.0,0.8795760459533608,224
163,0,0.0,0.8795760459533608,224
164,0,0.0,0.8795760459533608,224
165,0,0.0,0.8795760459533608,224
166,0,0.0,0.8795760459533608,224
167,0,0.0,0.8795760459533608,224
168,0,0.0,0.8795760459533608,224
169,0,0.0,0.8795760459533608,224
170,0,0.0,0.8795760459533608,224
171,0,0.0,0.8795760459533608,224
172,0,0.0,0.8795760459533608,224
173,0,0.0,0.8795760459533608,224
174,0,0.0,0.8795760459533608,224
175,0,0.0,0.8795760459533608,224
176,0,0.0,0.8795760459533608,224
177,0,0.0,0.8795760459533608,224
178,0,0.0,0.8795760459533608,224
179,0,0.0,0.8795760459533608,224
180,0,0.0,0.8795760459533608,224
181,0,0.0,0.8795760459533608,224
182,0,0.0,0.8795760459533608,224
183,0,0.0,0.8795760459533608,224
184,0,0.0,0.8795760459533608,224
185,0,0.0,0.8795760459533608,224
186,0,0.0,0.8795760459533608,224
187,0,0.0,0.8795760459533608,224
188,0,0.0,0.8795760459533608,224
189,0,0.0,0.8795760459533608,224
190,0,0.0,0.8795760459533608,224
191,0,0.0,0.8795760459533608,224
192,0,0.0,0.8795760459533608,224
193,0,0.0,0.8795760459533608,224
194,0,0.0,0.8795760459533608,224
195,0,0.0,0.8795760459533608,224
196,0,0.0,0.8795760459533608,224
197,0,0.0,0.8795760459533608,224
198,0,0.0,0.8795760459533608,224
199,0,0.0,0.8795760459533608,224
200,0,0.0,0.8795760459533608,224
201,0,0.0,0.8795760459533608,224
202,0,0.0,0.8795760459533608,224
203,0,0.0,0.8795760459533608,224
204,0,0.0,0.8795760459533608,224
205,0,0.0,0.8795760459533608,224
206,0,0.0,0.8795760459533608,224
207,0,0.0,0.8795760459533608,224
208,0,0.0,0.8795760459533608,224
209,0,0.0,0.8795760459533608,224
210,0,0.0,0.8795760459533608,224
211,0,0.0,0.8795760459533608,224
212,0,0.0,0.8795760459533608,224
213,0,0.0,0.8795760459533608,224
214,0,0.0,0.8795760459533608,224
215,0,0.0,0.8795760459533608,224
216,0,0.0,0.8795760459533608,224
217,0,0.0,0.8795760459533608,224
218,0,0.0,0.8795760459533608,224
219,0,0.0,0.8795760459533608,224
220,0,0.0,0.8795760459533608,224
221,0,0.0,0.8795760459533608,224
222,0,0.0,0.8795760459533608,224
223,0,0.0,0.8795760459533608,224
224,0,0.0,0.8795760459533608,224
225,0,0.0,0.8795760459533608,224
226,0,0.0,0.8795760459533608,224
227,0,0.0,0.8795760459533608,224
228,0,0.0,0.8795760459533608,224
229,0,0.0,0.8795760459533608,224
230,0,0.0,0.8795760459533608,224
231,0,0.0,0.8795760459533608,224
232,0,0.0,0.8795760459533608,224
233,0,0.0,0.8795760459533608,224
234,0,0.0,0.8795760459533608,224
235,0,0.0,0.8795760459533608,224
236,0,0.0,0.8795760459533608,224
237,0,0.0,0.8795760459533608,224
238,0,0.0,0.8795760459533608,224
239,0,0.0,0.8795760459533608,224
240,0,0.0,0.8795760459533608,224
241,0,0.0,0.8795760459533608,224
242,0,0.0,0.8795760459533608,224
243,0,0.0,0.8795760459533608,224
244,0,0.0,0.8795760459533608,224
245,0,0.0,0.8795760459533608,224
246,0,0.0,0.8795760459533608,224
247,0,0.0,0.8795760459533608,224
248,0,0.0,0.8795760459533608,224
249,0,0.0,0.8795760459533608,224
250,0,0.0,0.8795760459533608,224
251,0,0.0,0.8795760459533608,224
252,0,0.0,0.8795760459533608,224
253,0,0.0,0.8795760459533608,224
254,0,0.0,0.8795760459533608,224
255,89896,0.12042395404663923,1.0,255
